,CharlesDickens,EmileZola,FyodorDostoyevski,JaneAusten,MarkTwain,WalterScott
CharlesDickens,1,0.8369444444444454,0.3553125,0.8983333333333321,0.3859375,0.6256944444444443
EmileZola,0.8369444444444454,1,0.6234375,0.38874999999999993,0.6809375,0.8063888888888876
FyodorDostoyevski,0.3553125,0.6234375,1,0.6633333333333336,0.5271875,0.3471875
JaneAusten,0.8983333333333321,0.38874999999999993,0.6633333333333336,1,0.4912500000000004,0.8899999999999995
MarkTwain,0.3859375,0.6809375,0.5271875,0.4912500000000004,1,0.6459375
WalterScott,0.6256944444444443,0.8063888888888876,0.3471875,0.8899999999999995,0.6459375,1
